Time (mS),Used RAM (MB)_rolling_avg,Used GR3D (%)_rolling_avg,Total SWAP (MB)_rolling_avg,Total RAM (MB)_rolling_avg
0,,,,
1000,,,,
2000,,,,
3000,,,,
4000,9634.6,0.0,15349.0,30698.0
5000,9673.4,0.0,15349.0,30698.0
6000,9718.2,0.0,15349.0,30698.0
7000,9768.6,0.0,15349.0,30698.0
8000,9825.4,0.0,15349.0,30698.0
9000,9860.8,0.0,15349.0,30698.0
10000,9886.2,0.0,15349.0,30698.0
11000,9905.8,0.0,15349.0,30698.0
12000,9923.4,0.0,15349.0,30698.0
13000,9937.2,1.8,15349.0,30698.0
14000,9983.4,21.2,15349.0,30698.0
15000,10029.6,35.2,15349.0,30698.0
16000,10075.6,48.2,15349.0,30698.0
17000,10118.2,63.0,15349.0,30698.0
18000,10158.2,73.8,15349.0,30698.0
19000,10158.4,67.6,15349.0,30698.0
20000,10158.8,66.4,15349.0,30698.0
21000,10159.2,66.2,15349.0,30698.0
22000,10159.6,65.0,15349.0,30698.0
23000,10159.8,66.4,15349.0,30698.0
24000,10160.0,67.0,15349.0,30698.0
25000,10160.2,68.0,15349.0,30698.0
26000,10160.4,68.6,15349.0,30698.0
27000,10160.6,68.2,15349.0,30698.0
28000,10160.8,67.2,15349.0,30698.0
29000,10160.6,66.8,15349.0,30698.0
30000,10160.2,66.6,15349.0,30698.0
31000,10159.8,66.2,15349.0,30698.0
32000,10159.4,65.6,15349.0,30698.0
33000,10159.0,66.4,15349.0,30698.0
34000,10159.2,66.0,15349.0,30698.0
35000,10159.4,65.4,15349.0,30698.0
36000,10159.6,65.8,15349.0,30698.0
37000,10159.8,66.4,15349.0,30698.0
38000,10160.0,64.0,15349.0,30698.0
39000,10160.2,64.6,15349.0,30698.0
40000,10160.4,64.6,15349.0,30698.0
41000,10160.6,65.2,15349.0,30698.0
42000,10160.8,65.2,15349.0,30698.0
43000,10161.2,69.8,15349.0,30698.0
44000,10161.4,69.4,15349.0,30698.0
45000,10161.8,69.0,15349.0,30698.0
46000,10162.2,68.8,15349.0,30698.0
47000,10162.6,69.0,15349.0,30698.0
48000,10162.8,64.4,15349.0,30698.0
49000,10163.0,64.6,15349.0,30698.0
50000,10163.0,65.2,15349.0,30698.0
51000,10163.0,64.0,15349.0,30698.0
52000,10164.0,63.2,15349.0,30698.0
53000,10165.4,65.4,15349.0,30698.0
54000,10167.0,65.4,15349.0,30698.0
55000,10168.4,65.2,15349.0,30698.0
56000,10170.2,65.2,15349.0,30698.0
57000,10172.8,60.8,15349.0,30698.0
58000,10175.2,56.0,15349.0,30698.0
59000,10178.0,52.0,15349.0,30698.0
60000,10181.2,49.2,15349.0,30698.0
61000,10184.0,48.4,15349.0,30698.0
62000,10184.8,50.0,15349.0,30698.0
63000,10185.4,51.4,15349.0,30698.0
64000,10185.6,51.8,15349.0,30698.0
65000,10185.8,52.6,15349.0,30698.0
66000,10184.6,50.8,15349.0,30698.0
67000,10183.6,51.6,15349.0,30698.0
68000,10182.6,51.6,15349.0,30698.0
69000,10181.6,52.2,15349.0,30698.0
70000,10180.2,51.6,15349.0,30698.0
71000,10180.4,51.6,15349.0,30698.0
72000,10180.4,51.2,15349.0,30698.0
73000,10180.4,51.2,15349.0,30698.0
74000,10180.4,53.0,15349.0,30698.0
75000,10180.8,52.6,15349.0,30698.0
76000,10181.0,51.8,15349.0,30698.0
77000,10181.2,52.8,15349.0,30698.0
78000,10181.2,52.6,15349.0,30698.0
79000,10181.0,50.8,15349.0,30698.0
80000,10180.4,51.8,15349.0,30698.0
81000,10179.8,54.2,15349.0,30698.0
82000,10179.6,53.0,15349.0,30698.0
83000,10179.8,53.4,15349.0,30698.0
84000,10180.0,53.4,15349.0,30698.0
85000,10180.4,52.6,15349.0,30698.0
86000,10181.0,51.2,15349.0,30698.0
87000,10181.6,51.8,15349.0,30698.0
88000,10182.2,50.6,15349.0,30698.0
89000,10182.2,50.6,15349.0,30698.0
90000,10181.8,49.8,15349.0,30698.0
91000,10181.2,51.8,15349.0,30698.0
92000,10180.4,51.4,15349.0,30698.0
93000,10179.4,52.6,15349.0,30698.0
94000,10179.0,51.8,15349.0,30698.0
95000,10179.0,53.0,15349.0,30698.0
96000,10178.6,50.6,15349.0,30698.0
97000,10178.2,52.4,15349.0,30698.0
98000,10177.8,52.4,15349.0,30698.0
99000,10177.4,52.0,15349.0,30698.0
100000,10177.4,53.4,15349.0,30698.0
101000,10178.0,52.4,15349.0,30698.0
102000,10178.6,51.0,15349.0,30698.0
103000,10178.8,50.2,15349.0,30698.0
104000,10179.4,52.6,15349.0,30698.0
105000,10179.6,50.4,15349.0,30698.0
106000,10180.6,51.6,15349.0,30698.0
107000,10181.2,51.2,15349.0,30698.0
108000,10182.2,53.8,15349.0,30698.0
109000,10183.2,53.8,15349.0,30698.0
110000,10184.0,54.0,15349.0,30698.0
111000,10183.8,54.0,15349.0,30698.0
112000,10184.2,54.2,15349.0,30698.0
113000,10184.8,53.2,15349.0,30698.0
114000,10185.2,52.6,15349.0,30698.0
115000,10185.4,55.0,15349.0,30698.0
116000,10185.8,55.4,15349.0,30698.0
117000,10186.2,55.0,15349.0,30698.0
118000,10186.6,53.4,15349.0,30698.0
119000,10186.8,53.0,15349.0,30698.0
120000,10187.4,52.6,15349.0,30698.0
121000,10187.8,52.4,15349.0,30698.0
122000,10188.0,52.2,15349.0,30698.0
123000,10188.2,53.0,15349.0,30698.0
124000,10188.4,53.8,15349.0,30698.0
125000,10188.4,52.4,15349.0,30698.0
126000,10187.4,52.4,15349.0,30698.0
127000,10186.6,53.0,15349.0,30698.0
128000,10186.2,52.4,15349.0,30698.0
129000,10186.2,51.8,15349.0,30698.0
130000,10185.6,51.0,15349.0,30698.0
131000,10186.2,50.6,15349.0,30698.0
132000,10186.8,51.0,15349.0,30698.0
133000,10186.6,51.2,15349.0,30698.0
134000,10186.6,50.4,15349.0,30698.0
135000,10187.4,50.8,15349.0,30698.0
136000,10188.4,50.8,15349.0,30698.0
137000,10189.4,49.2,15349.0,30698.0
138000,10190.6,49.6,15349.0,30698.0
139000,10191.4,49.6,15349.0,30698.0
140000,10192.0,49.4,15349.0,30698.0
141000,10192.0,49.8,15349.0,30698.0
142000,10191.8,49.4,15349.0,30698.0
143000,10191.6,49.4,15349.0,30698.0
144000,10191.2,49.4,15349.0,30698.0
145000,10191.0,49.6,15349.0,30698.0
146000,10191.4,49.2,15349.0,30698.0
147000,10191.8,49.6,15349.0,30698.0
148000,10192.4,49.0,15349.0,30698.0
149000,10192.8,48.8,15349.0,30698.0
150000,10193.0,48.0,15349.0,30698.0
151000,10192.6,48.0,15349.0,30698.0
152000,10192.2,49.0,15349.0,30698.0
153000,10191.8,49.6,15349.0,30698.0
154000,10191.6,50.0,15349.0,30698.0
155000,10191.6,51.8,15349.0,30698.0
156000,10191.6,52.0,15349.0,30698.0
157000,10191.4,53.8,15349.0,30698.0
158000,10190.6,53.0,15349.0,30698.0
159000,10189.8,54.0,15349.0,30698.0
160000,10188.8,53.2,15349.0,30698.0
161000,10188.0,53.8,15349.0,30698.0
162000,10186.8,51.6,15349.0,30698.0
163000,10186.2,53.2,15349.0,30698.0
164000,10185.4,53.4,15349.0,30698.0
165000,10184.8,53.0,15349.0,30698.0
166000,10184.0,53.0,15349.0,30698.0
167000,10184.2,53.2,15349.0,30698.0
168000,10185.0,51.8,15349.0,30698.0
169000,10186.2,51.4,15349.0,30698.0
170000,10187.6,51.4,15349.0,30698.0
171000,10189.2,51.4,15349.0,30698.0
172000,10190.4,50.6,15349.0,30698.0
173000,10190.8,52.4,15349.0,30698.0
174000,10190.8,51.6,15349.0,30698.0
175000,10190.4,52.8,15349.0,30698.0
176000,10190.0,52.4,15349.0,30698.0
177000,10189.4,53.2,15349.0,30698.0
178000,10189.0,52.0,15349.0,30698.0
179000,10189.0,52.0,15349.0,30698.0
180000,10189.8,50.6,15349.0,30698.0
181000,10190.8,51.4,15349.0,30698.0
182000,10192.2,51.4,15349.0,30698.0
183000,10193.6,50.4,15349.0,30698.0
184000,10195.0,50.6,15349.0,30698.0
185000,10196.2,50.6,15349.0,30698.0
186000,10197.4,49.8,15349.0,30698.0
187000,10198.4,48.8,15349.0,30698.0
188000,10197.4,49.4,15349.0,30698.0
189000,10196.0,49.6,15349.0,30698.0
190000,10195.2,50.0,15349.0,30698.0
191000,10194.0,50.0,15349.0,30698.0
192000,10192.8,51.0,15349.0,30698.0
193000,10193.6,51.4,15349.0,30698.0
194000,10194.4,52.4,15349.0,30698.0
195000,10194.2,52.6,15349.0,30698.0
196000,10194.2,54.0,15349.0,30698.0
197000,10194.2,54.0,15349.0,30698.0
198000,10193.8,55.2,15349.0,30698.0
199000,10193.8,54.2,15349.0,30698.0
200000,10193.6,53.6,15349.0,30698.0
201000,10193.2,54.4,15349.0,30698.0
202000,10193.6,54.6,15349.0,30698.0
203000,10194.6,53.0,15349.0,30698.0
204000,10195.0,52.2,15349.0,30698.0
205000,10195.4,52.8,15349.0,30698.0
206000,10196.0,50.8,15349.0,30698.0
207000,10195.8,50.6,15349.0,30698.0
208000,10195.0,51.4,15349.0,30698.0
209000,10194.0,51.4,15349.0,30698.0
210000,10193.2,50.2,15349.0,30698.0
211000,10192.4,49.8,15349.0,30698.0
212000,10191.4,51.2,15349.0,30698.0
213000,10190.2,50.2,15349.0,30698.0
214000,10189.2,50.2,15349.0,30698.0
215000,10188.6,50.8,15349.0,30698.0
216000,10187.8,52.2,15349.0,30698.0
217000,10187.0,50.6,15349.0,30698.0
218000,10187.2,51.8,15349.0,30698.0
219000,10187.8,52.2,15349.0,30698.0
220000,10188.4,52.8,15349.0,30698.0
221000,10189.4,52.0,15349.0,30698.0
222000,10191.0,52.0,15349.0,30698.0
223000,10192.0,52.2,15349.0,30698.0
224000,10193.2,52.0,15349.0,30698.0
225000,10194.4,52.2,15349.0,30698.0
226000,10195.4,52.4,15349.0,30698.0
227000,10196.0,54.0,15349.0,30698.0
228000,10196.4,52.6,15349.0,30698.0
229000,10196.8,53.0,15349.0,30698.0
230000,10197.2,52.4,15349.0,30698.0
231000,10197.6,52.6,15349.0,30698.0
232000,10198.0,50.8,15349.0,30698.0
233000,10198.4,51.2,15349.0,30698.0
234000,10197.0,52.6,15349.0,30698.0
235000,10195.4,52.6,15349.0,30698.0
236000,10188.2,51.2,15349.0,30698.0
237000,10180.6,52.6,15349.0,30698.0
238000,10173.2,52.8,15349.0,30698.0
239000,10167.2,50.6,15349.0,30698.0
240000,10161.2,51.0,15349.0,30698.0
241000,10161.0,51.4,15349.0,30698.0
242000,10161.2,51.0,15349.0,30698.0
243000,10161.2,51.4,15349.0,30698.0
244000,10161.4,51.4,15349.0,30698.0
245000,10161.0,51.0,15349.0,30698.0
246000,10160.4,50.4,15349.0,30698.0
247000,10160.0,48.4,15349.0,30698.0
248000,10159.6,47.6,15349.0,30698.0
249000,10159.0,47.4,15349.0,30698.0
250000,10159.0,48.0,15349.0,30698.0
251000,10159.2,49.0,15349.0,30698.0
252000,10158.8,50.8,15349.0,30698.0
253000,10159.0,52.4,15349.0,30698.0
254000,10159.8,52.8,15349.0,30698.0
255000,10161.0,53.2,15349.0,30698.0
256000,10162.2,52.8,15349.0,30698.0
257000,10163.6,53.4,15349.0,30698.0
258000,10164.2,52.4,15349.0,30698.0
259000,10164.2,52.6,15349.0,30698.0
260000,10164.0,50.8,15349.0,30698.0
261000,10163.2,50.6,15349.0,30698.0
262000,10161.4,48.2,15349.0,30698.0
263000,10160.2,48.2,15349.0,30698.0
264000,10159.4,48.0,15349.0,30698.0
265000,10158.0,50.6,15349.0,30698.0
266000,10157.0,50.8,15349.0,30698.0
267000,10157.4,54.6,15349.0,30698.0
268000,10157.4,53.8,15349.0,30698.0
269000,10157.2,54.4,15349.0,30698.0
270000,10156.6,54.6,15349.0,30698.0
271000,10155.8,54.8,15349.0,30698.0
272000,10154.8,54.2,15349.0,30698.0
273000,10154.0,54.8,15349.0,30698.0
274000,10153.0,55.0,15349.0,30698.0
275000,10152.8,53.0,15349.0,30698.0
276000,10153.4,53.6,15349.0,30698.0
277000,10153.6,51.2,15349.0,30698.0
278000,10153.8,50.8,15349.0,30698.0
279000,10154.2,51.0,15349.0,30698.0
280000,10154.4,51.0,15349.0,30698.0
281000,10154.2,50.4,15349.0,30698.0
282000,10154.2,50.8,15349.0,30698.0
283000,10153.8,51.0,15349.0,30698.0
284000,10153.0,50.0,15349.0,30698.0
285000,10153.0,50.0,15349.0,30698.0
286000,10153.4,49.4,15349.0,30698.0
287000,10153.8,49.0,15349.0,30698.0
288000,10154.6,49.0,15349.0,30698.0
289000,10155.4,49.4,15349.0,30698.0
290000,10155.2,49.8,15349.0,30698.0
291000,10154.6,50.0,15349.0,30698.0
292000,10154.0,51.8,15349.0,30698.0
293000,10152.8,51.6,15349.0,30698.0
294000,10152.0,51.6,15349.0,30698.0
295000,10152.0,52.0,15349.0,30698.0
296000,10151.6,52.6,15349.0,30698.0
297000,10151.4,54.4,15349.0,30698.0
298000,10151.4,55.0,15349.0,30698.0
299000,10151.2,54.6,15349.0,30698.0
300000,10150.6,54.8,15349.0,30698.0
301000,10150.4,54.2,15349.0,30698.0
302000,10150.4,50.8,15349.0,30698.0
303000,10150.8,50.8,15349.0,30698.0
304000,10151.2,50.4,15349.0,30698.0
305000,10151.6,49.0,15349.0,30698.0
306000,10152.0,49.0,15349.0,30698.0
307000,10152.4,51.2,15349.0,30698.0
308000,10152.8,50.8,15349.0,30698.0
309000,10153.2,51.8,15349.0,30698.0
310000,10153.2,52.2,15349.0,30698.0
311000,10153.0,52.2,15349.0,30698.0
312000,10152.6,49.6,15349.0,30698.0
313000,10152.0,48.6,15349.0,30698.0
314000,10151.8,48.4,15349.0,30698.0
315000,10152.0,49.6,15349.0,30698.0
316000,10152.4,50.6,15349.0,30698.0
317000,10152.4,51.0,15349.0,30698.0
318000,10152.6,53.6,15349.0,30698.0
319000,10152.8,53.8,15349.0,30698.0
320000,10153.0,53.2,15349.0,30698.0
321000,10153.4,52.6,15349.0,30698.0
322000,10154.4,52.2,15349.0,30698.0
323000,10155.4,51.0,15349.0,30698.0
324000,10155.8,50.4,15349.0,30698.0
325000,10155.6,49.4,15349.0,30698.0
326000,10155.0,49.0,15349.0,30698.0
327000,10154.0,49.6,15349.0,30698.0
328000,10153.0,48.8,15349.0,30698.0
329000,10152.2,48.0,15349.0,30698.0
330000,10152.0,48.2,15349.0,30698.0
331000,10151.6,48.6,15349.0,30698.0
332000,10151.4,48.8,15349.0,30698.0
333000,10151.4,48.8,15349.0,30698.0
334000,10151.8,51.6,15349.0,30698.0
335000,10152.2,51.8,15349.0,30698.0
336000,10153.2,52.6,15349.0,30698.0
337000,10154.0,52.6,15349.0,30698.0
338000,10154.6,53.0,15349.0,30698.0
339000,10155.0,51.4,15349.0,30698.0
340000,10154.6,51.6,15349.0,30698.0
341000,10153.6,50.4,15349.0,30698.0
342000,10153.0,49.8,15349.0,30698.0
343000,10152.0,50.0,15349.0,30698.0
344000,10150.8,49.2,15349.0,30698.0
345000,10150.6,49.0,15349.0,30698.0
346000,10151.0,49.8,15349.0,30698.0
347000,10151.0,50.6,15349.0,30698.0
348000,10151.2,51.4,15349.0,30698.0
349000,10151.4,51.8,15349.0,30698.0
350000,10151.2,51.8,15349.0,30698.0
351000,10150.8,51.2,15349.0,30698.0
352000,10150.6,50.8,15349.0,30698.0
353000,10150.6,48.2,15349.0,30698.0
354000,10150.6,49.0,15349.0,30698.0
355000,10150.6,48.4,15349.0,30698.0
356000,10150.6,48.8,15349.0,30698.0
357000,10150.6,49.4,15349.0,30698.0
358000,10150.6,51.2,15349.0,30698.0
359000,10151.0,50.4,15349.0,30698.0
360000,10151.2,50.2,15349.0,30698.0
361000,10151.4,51.8,15349.0,30698.0
362000,10151.6,51.6,15349.0,30698.0
363000,10151.6,51.0,15349.0,30698.0
364000,10151.6,52.4,15349.0,30698.0
365000,10152.0,53.6,15349.0,30698.0
366000,10152.0,51.8,15349.0,30698.0
367000,10152.4,52.2,15349.0,30698.0
368000,10152.8,53.2,15349.0,30698.0
369000,10152.8,51.8,15349.0,30698.0
370000,10152.8,50.6,15349.0,30698.0
371000,10153.0,50.2,15349.0,30698.0
372000,10152.2,49.8,15349.0,30698.0
373000,10151.4,48.8,15349.0,30698.0
374000,10150.8,48.8,15349.0,30698.0
375000,10150.2,49.6,15349.0,30698.0
376000,10149.6,52.2,15349.0,30698.0
377000,10149.2,52.0,15349.0,30698.0
378000,10149.0,54.0,15349.0,30698.0
379000,10148.8,56.0,15349.0,30698.0
380000,10148.8,56.2,15349.0,30698.0
381000,10149.0,54.8,15349.0,30698.0
382000,10150.2,56.6,15349.0,30698.0
383000,10151.2,54.0,15349.0,30698.0
384000,10152.2,52.0,15349.0,30698.0
385000,10152.8,53.8,15349.0,30698.0
386000,10153.4,53.2,15349.0,30698.0
387000,10153.4,51.6,15349.0,30698.0
388000,10153.6,52.2,15349.0,30698.0
389000,10153.8,54.0,15349.0,30698.0
390000,10154.4,52.0,15349.0,30698.0
391000,10154.4,52.2,15349.0,30698.0
392000,10154.6,51.8,15349.0,30698.0
393000,10154.8,53.2,15349.0,30698.0
394000,10154.8,51.6,15349.0,30698.0
395000,10154.4,51.8,15349.0,30698.0
396000,10154.2,51.0,15349.0,30698.0
397000,10153.6,51.0,15349.0,30698.0
398000,10152.8,50.0,15349.0,30698.0
399000,10152.4,50.0,15349.0,30698.0
400000,10152.2,51.4,15349.0,30698.0
401000,10152.0,51.6,15349.0,30698.0
402000,10152.0,52.2,15349.0,30698.0
403000,10152.2,53.0,15349.0,30698.0
404000,10152.0,53.4,15349.0,30698.0
405000,10152.0,52.0,15349.0,30698.0
406000,10152.2,52.4,15349.0,30698.0
407000,10152.2,51.6,15349.0,30698.0
408000,10152.4,50.4,15349.0,30698.0
409000,10152.6,51.0,15349.0,30698.0
410000,10153.0,51.6,15349.0,30698.0
411000,10153.2,51.0,15349.0,30698.0
412000,10153.6,52.0,15349.0,30698.0
413000,10154.0,52.4,15349.0,30698.0
414000,10153.8,51.4,15349.0,30698.0
415000,10152.8,50.6,15349.0,30698.0
416000,10152.2,51.6,15349.0,30698.0
417000,10151.8,51.0,15349.0,30698.0
418000,10150.6,50.2,15349.0,30698.0
419000,10150.4,50.0,15349.0,30698.0
420000,10150.6,49.2,15349.0,30698.0
421000,10150.4,48.2,15349.0,30698.0
422000,10149.2,48.0,15349.0,30698.0
423000,10148.8,49.0,15349.0,30698.0
424000,10148.8,49.0,15349.0,30698.0
425000,10149.2,50.0,15349.0,30698.0
426000,10149.2,50.0,15349.0,30698.0
427000,10150.0,50.2,15349.0,30698.0
428000,10150.2,51.6,15349.0,30698.0
429000,10149.8,51.8,15349.0,30698.0
430000,10149.0,51.2,15349.0,30698.0
431000,10149.4,51.4,15349.0,30698.0
432000,10149.8,51.8,15349.0,30698.0
433000,10150.8,50.2,15349.0,30698.0
434000,10152.4,50.0,15349.0,30698.0
435000,10154.2,51.2,15349.0,30698.0
436000,10155.2,51.2,15349.0,30698.0
437000,10156.0,51.8,15349.0,30698.0
438000,10156.6,51.6,15349.0,30698.0
439000,10156.4,51.6,15349.0,30698.0
440000,10156.0,50.6,15349.0,30698.0
441000,10155.6,50.6,15349.0,30698.0
442000,10155.2,49.0,15349.0,30698.0
443000,10154.8,49.2,15349.0,30698.0
444000,10154.6,51.4,15349.0,30698.0
445000,10154.2,51.2,15349.0,30698.0
446000,10154.2,52.2,15349.0,30698.0
447000,10154.2,53.0,15349.0,30698.0
448000,10154.2,53.6,15349.0,30698.0
449000,10154.4,51.6,15349.0,30698.0
450000,10154.6,51.2,15349.0,30698.0
451000,10154.4,50.0,15349.0,30698.0
452000,10154.4,50.2,15349.0,30698.0
453000,10154.4,49.0,15349.0,30698.0
454000,10154.4,49.4,15349.0,30698.0
455000,10154.6,50.2,15349.0,30698.0
456000,10154.8,51.0,15349.0,30698.0
457000,10155.0,50.4,15349.0,30698.0
458000,10155.6,51.8,15349.0,30698.0
459000,10156.0,54.2,15349.0,30698.0
460000,10156.2,54.4,15349.0,30698.0
461000,10156.6,54.6,15349.0,30698.0
462000,10156.6,55.2,15349.0,30698.0
463000,10157.0,54.0,15349.0,30698.0
464000,10158.0,51.4,15349.0,30698.0
465000,10159.4,52.8,15349.0,30698.0
466000,10161.0,53.0,15349.0,30698.0
467000,10163.0,53.6,15349.0,30698.0
468000,10164.0,53.6,15349.0,30698.0
469000,10164.2,54.0,15349.0,30698.0
470000,10163.8,52.8,15349.0,30698.0
471000,10163.0,51.8,15349.0,30698.0
472000,10162.0,51.4,15349.0,30698.0
473000,10161.0,53.0,15349.0,30698.0
474000,10160.6,53.6,15349.0,30698.0
475000,10160.0,53.0,15349.0,30698.0
476000,10159.6,52.6,15349.0,30698.0
477000,10158.8,52.0,15349.0,30698.0
478000,10158.4,51.6,15349.0,30698.0
479000,10158.0,49.8,15349.0,30698.0
480000,10157.6,49.2,15349.0,30698.0
481000,10157.4,49.4,15349.0,30698.0
482000,10158.0,49.6,15349.0,30698.0
483000,10158.6,49.0,15349.0,30698.0
484000,10158.6,49.6,15349.0,30698.0
485000,10158.8,51.4,15349.0,30698.0
486000,10158.6,51.4,15349.0,30698.0
487000,10156.2,51.4,15349.0,30698.0
488000,10153.6,52.4,15349.0,30698.0
489000,10151.8,52.4,15349.0,30698.0
490000,10150.0,50.8,15349.0,30698.0
491000,10148.8,53.2,15349.0,30698.0
492000,10149.8,53.0,15349.0,30698.0
493000,10150.6,51.8,15349.0,30698.0
494000,10150.8,53.6,15349.0,30698.0
495000,10150.8,54.8,15349.0,30698.0
496000,10150.2,52.6,15349.0,30698.0
497000,10149.4,52.8,15349.0,30698.0
498000,10148.8,54.2,15349.0,30698.0
499000,10148.8,52.2,15349.0,30698.0
500000,10149.2,53.6,15349.0,30698.0
501000,10150.6,53.4,15349.0,30698.0
502000,10152.2,53.4,15349.0,30698.0
503000,10153.8,52.2,15349.0,30698.0
504000,10154.8,52.4,15349.0,30698.0
505000,10155.2,51.4,15349.0,30698.0
506000,10154.8,51.4,15349.0,30698.0
507000,10154.2,51.2,15349.0,30698.0
508000,10153.4,51.2,15349.0,30698.0
509000,10152.6,51.6,15349.0,30698.0
510000,10152.2,51.0,15349.0,30698.0
511000,10151.6,51.0,15349.0,30698.0
512000,10150.8,51.6,15349.0,30698.0
513000,10150.4,51.4,15349.0,30698.0
514000,10150.2,51.0,15349.0,30698.0
515000,10150.4,49.8,15349.0,30698.0
516000,10150.8,49.8,15349.0,30698.0
517000,10151.8,49.4,15349.0,30698.0
518000,10152.2,49.2,15349.0,30698.0
519000,10152.6,48.4,15349.0,30698.0
520000,10152.8,50.6,15349.0,30698.0
521000,10152.4,50.8,15349.0,30698.0
522000,10151.8,51.4,15349.0,30698.0
523000,10151.8,51.4,15349.0,30698.0
524000,10151.6,51.6,15349.0,30698.0
525000,10151.2,50.2,15349.0,30698.0
526000,10151.6,50.0,15349.0,30698.0
527000,10151.6,49.4,15349.0,30698.0
528000,10151.6,48.6,15349.0,30698.0
529000,10151.8,49.0,15349.0,30698.0
530000,10152.0,49.4,15349.0,30698.0
531000,10152.6,49.8,15349.0,30698.0
532000,10153.0,51.8,15349.0,30698.0
533000,10153.2,52.6,15349.0,30698.0
534000,10153.0,51.8,15349.0,30698.0
535000,10153.0,51.6,15349.0,30698.0
536000,10153.0,51.8,15349.0,30698.0
537000,10153.4,50.0,15349.0,30698.0
538000,10153.6,50.0,15349.0,30698.0
539000,10154.0,53.2,15349.0,30698.0
540000,10154.4,53.0,15349.0,30698.0
541000,10154.0,53.4,15349.0,30698.0
542000,10153.6,53.2,15349.0,30698.0
543000,10153.4,55.4,15349.0,30698.0
544000,10153.2,53.0,15349.0,30698.0
545000,10153.0,54.4,15349.0,30698.0
546000,10153.0,53.6,15349.0,30698.0
547000,10153.0,55.4,15349.0,30698.0
548000,10153.0,53.2,15349.0,30698.0
549000,10153.2,53.8,15349.0,30698.0
550000,10153.4,52.4,15349.0,30698.0
551000,10153.6,52.6,15349.0,30698.0
552000,10153.8,51.0,15349.0,30698.0
553000,10154.2,51.0,15349.0,30698.0
554000,10154.8,51.6,15349.0,30698.0
555000,10154.8,52.4,15349.0,30698.0
556000,10154.6,53.6,15349.0,30698.0
557000,10154.4,55.0,15349.0,30698.0
558000,10154.2,55.4,15349.0,30698.0
559000,10153.4,54.2,15349.0,30698.0
560000,10153.4,53.4,15349.0,30698.0
561000,10153.8,51.4,15349.0,30698.0
562000,10154.2,49.4,15349.0,30698.0
563000,10154.4,50.4,15349.0,30698.0
564000,10154.6,50.4,15349.0,30698.0
565000,10154.4,51.6,15349.0,30698.0
566000,10153.6,52.2,15349.0,30698.0
567000,10151.2,52.6,15349.0,30698.0
568000,10148.8,51.0,15349.0,30698.0
569000,10146.6,52.2,15349.0,30698.0
570000,10144.6,51.6,15349.0,30698.0
571000,10143.0,52.2,15349.0,30698.0
572000,10142.6,52.4,15349.0,30698.0
573000,10142.4,54.2,15349.0,30698.0
574000,10142.4,53.6,15349.0,30698.0
575000,10142.2,52.8,15349.0,30698.0
576000,10141.6,53.6,15349.0,30698.0
577000,10141.2,54.2,15349.0,30698.0
578000,10141.0,54.2,15349.0,30698.0
579000,10140.4,54.2,15349.0,30698.0
580000,10140.0,55.4,15349.0,30698.0
581000,10139.8,54.6,15349.0,30698.0
582000,10140.0,55.2,15349.0,30698.0
583000,10139.8,53.0,15349.0,30698.0
584000,10139.8,51.2,15349.0,30698.0
585000,10139.8,50.6,15349.0,30698.0
586000,10140.2,50.0,15349.0,30698.0
587000,10140.2,49.0,15349.0,30698.0
588000,10140.2,50.6,15349.0,30698.0
589000,10140.0,51.8,15349.0,30698.0
590000,10139.8,51.8,15349.0,30698.0
591000,10139.2,51.8,15349.0,30698.0
592000,10138.8,51.0,15349.0,30698.0
593000,10138.6,50.0,15349.0,30698.0
594000,10138.4,50.0,15349.0,30698.0
595000,10138.8,50.2,15349.0,30698.0
596000,10139.6,50.0,15349.0,30698.0
597000,10140.0,50.6,15349.0,30698.0
598000,10140.4,50.4,15349.0,30698.0
599000,10141.0,51.6,15349.0,30698.0
600000,10141.4,50.8,15349.0,30698.0
601000,10142.0,51.4,15349.0,30698.0
602000,10143.2,51.4,15349.0,30698.0
603000,10144.6,51.6,15349.0,30698.0
604000,10146.2,51.0,15349.0,30698.0
605000,10147.4,51.4,15349.0,30698.0
606000,10148.0,51.2,15349.0,30698.0
607000,10148.2,50.2,15349.0,30698.0
608000,10147.8,50.2,15349.0,30698.0
609000,10147.0,51.2,15349.0,30698.0
610000,10146.2,51.4,15349.0,30698.0
611000,10146.0,51.4,15349.0,30698.0
612000,10146.2,52.6,15349.0,30698.0
613000,10146.8,52.6,15349.0,30698.0
614000,10147.6,53.0,15349.0,30698.0
615000,10148.6,53.8,15349.0,30698.0
616000,10149.2,54.6,15349.0,30698.0
617000,10149.6,54.4,15349.0,30698.0
618000,10149.8,54.6,15349.0,30698.0
619000,10149.8,53.8,15349.0,30698.0
620000,10149.4,52.6,15349.0,30698.0
621000,10149.2,52.4,15349.0,30698.0
622000,10148.8,52.0,15349.0,30698.0
623000,10148.2,52.4,15349.0,30698.0
624000,10147.6,51.6,15349.0,30698.0
625000,10146.6,51.4,15349.0,30698.0
626000,10145.2,51.4,15349.0,30698.0
627000,10144.4,51.2,15349.0,30698.0
628000,10144.2,51.4,15349.0,30698.0
629000,10144.0,51.2,15349.0,30698.0
630000,10144.4,51.4,15349.0,30698.0
631000,10144.8,50.4,15349.0,30698.0
632000,10144.8,49.8,15349.0,30698.0
633000,10144.6,51.4,15349.0,30698.0
634000,10144.8,52.8,15349.0,30698.0
635000,10145.2,52.8,15349.0,30698.0
636000,10145.8,53.2,15349.0,30698.0
637000,10146.0,54.4,15349.0,30698.0
638000,10146.0,52.2,15349.0,30698.0
639000,10145.6,53.0,15349.0,30698.0
640000,10144.6,53.0,15349.0,30698.0
641000,10143.6,53.2,15349.0,30698.0
642000,10143.0,51.8,15349.0,30698.0
643000,10142.4,51.6,15349.0,30698.0
644000,10142.0,50.6,15349.0,30698.0
645000,10141.8,50.4,15349.0,30698.0
646000,10142.2,50.6,15349.0,30698.0
647000,10143.0,51.6,15349.0,30698.0
648000,10143.6,52.4,15349.0,30698.0
649000,10143.8,53.2,15349.0,30698.0
650000,10144.4,53.4,15349.0,30698.0
651000,10143.8,53.6,15349.0,30698.0
652000,10143.0,53.4,15349.0,30698.0
653000,10142.2,52.4,15349.0,30698.0
654000,10141.6,50.4,15349.0,30698.0
655000,10141.0,50.2,15349.0,30698.0
656000,10141.0,49.0,15349.0,30698.0
657000,10140.8,49.2,15349.0,30698.0
658000,10140.8,50.0,15349.0,30698.0
659000,10141.2,50.0,15349.0,30698.0
660000,10141.0,50.0,15349.0,30698.0
661000,10140.8,51.2,15349.0,30698.0
662000,10140.6,41.2,15349.0,30698.0
663000,10030.6,30.6,15349.0,30698.0
